﻿<?xml version="1.0" encoding="utf-8"?>
<TextureAtlas imagePath="trickyfuckingdies.png">
	<!-- Created with Adobe Animate version 22.0.0.93 -->
	<!-- http://www.adobe.com/products/animate.html -->
	<SubTexture name="trickyshot0000" x="4" y="4" width="1099" height="996" frameX="-328" frameY="-128" frameWidth="1977" frameHeight="1550"/>
	<SubTexture name="trickyshot0001" x="1107" y="4" width="968" height="996" frameX="-347" frameY="-128" frameWidth="1977" frameHeight="1550"/>
	<SubTexture name="trickyshot0002" x="2079" y="4" width="810" height="996" frameX="-347" frameY="-128" frameWidth="1977" frameHeight="1550"/>
	<SubTexture name="trickyshot0003" x="2893" y="4" width="810" height="996" frameX="-347" frameY="-128" frameWidth="1977" frameHeight="1550"/>
	<SubTexture name="trickyshot0004" x="3707" y="4" width="810" height="996" frameX="-347" frameY="-128" frameWidth="1977" frameHeight="1550"/>
	<SubTexture name="trickyshot0005" x="4521" y="4" width="810" height="996" frameX="-347" frameY="-128" frameWidth="1977" frameHeight="1550"/>
	<SubTexture name="trickyshot0006" x="5335" y="4" width="810" height="996" frameX="-347" frameY="-128" frameWidth="1977" frameHeight="1550"/>
	<SubTexture name="trickyshot0007" x="6149" y="4" width="810" height="994" frameX="-347" frameY="-130" frameWidth="1977" frameHeight="1550"/>
	<SubTexture name="trickyshot0008" x="6963" y="4" width="892" height="999" frameX="-265" frameY="-130" frameWidth="1977" frameHeight="1550"/>
	<SubTexture name="trickyshot0009" x="4" y="1007" width="853" height="987" frameX="-303" frameY="-143" frameWidth="1977" frameHeight="1550"/>
	<SubTexture name="trickyshot0010" x="861" y="1007" width="811" height="987" frameX="-345" frameY="-143" frameWidth="1977" frameHeight="1550"/>
	<SubTexture name="trickyshot0011" x="1676" y="1007" width="830" height="990" frameX="-326" frameY="-152" frameWidth="1977" frameHeight="1550"/>
	<SubTexture name="trickyshot0012" x="2510" y="1007" width="886" height="908" frameX="-430" frameY="-136" frameWidth="1977" frameHeight="1550"/>
	<SubTexture name="trickyshot0013" x="3400" y="1007" width="804" height="929" frameX="-529" frameY="-109" frameWidth="1977" frameHeight="1550"/>
	<SubTexture name="trickyshot0014" x="3400" y="1007" width="804" height="929" frameX="-529" frameY="-109" frameWidth="1977" frameHeight="1550"/>
	<SubTexture name="trickyshot0015" x="4208" y="1007" width="818" height="932" frameX="-529" frameY="-106" frameWidth="1977" frameHeight="1550"/>
	<SubTexture name="trickyshot0016" x="5030" y="1007" width="822" height="932" frameX="-529" frameY="-106" frameWidth="1977" frameHeight="1550"/>
	<SubTexture name="trickyshot0017" x="5856" y="1007" width="822" height="925" frameX="-529" frameY="-113" frameWidth="1977" frameHeight="1550"/>
	<SubTexture name="trickyshot0018" x="5856" y="1007" width="822" height="925" frameX="-529" frameY="-113" frameWidth="1977" frameHeight="1550"/>
	<SubTexture name="trickyshot0019" x="5856" y="1007" width="822" height="925" frameX="-529" frameY="-113" frameWidth="1977" frameHeight="1550"/>
	<SubTexture name="trickyshot0020" x="6682" y="1007" width="1245" height="925" frameX="-106" frameY="-113" frameWidth="1977" frameHeight="1550"/>
	<SubTexture name="trickyshot0021" x="4" y="2001" width="825" height="923" frameX="-526" frameY="-115" frameWidth="1977" frameHeight="1550"/>
	<SubTexture name="trickyshot0022" x="833" y="2001" width="1205" height="1221" frameX="-135" frameY="-83" frameWidth="1977" frameHeight="1550"/>
	<SubTexture name="trickyshot0023" x="2042" y="2001" width="1327" height="1221" frameX="-135" frameY="-83" frameWidth="1977" frameHeight="1550"/>
	<SubTexture name="trickyshot0024" x="3373" y="2001" width="1629" height="1247" frameX="-139" frameY="-55" frameWidth="1977" frameHeight="1550"/>
	<SubTexture name="trickyshot0025" x="5006" y="2001" width="1629" height="1281" frameX="-139" frameY="-21" frameWidth="1977" frameHeight="1550"/>
	<SubTexture name="trickyshot0026" x="4" y="3286" width="1609" height="1271" frameX="-163" frameY="-21" frameWidth="1977" frameHeight="1550"/>
	<SubTexture name="trickyshot0027" x="1617" y="3286" width="1609" height="1292" frameX="-163" frameY="0" frameWidth="1977" frameHeight="1550"/>
	<SubTexture name="trickyshot0028" x="3230" y="3286" width="1583" height="1290" frameX="-169" frameY="0" frameWidth="1977" frameHeight="1550"/>
	<SubTexture name="trickyshot0029" x="4817" y="3286" width="1594" height="1159" frameX="-171" frameY="-129" frameWidth="1977" frameHeight="1550"/>
	<SubTexture name="trickyshot0030" x="6415" y="3286" width="1600" height="1137" frameX="-165" frameY="-147" frameWidth="1977" frameHeight="1550"/>
	<SubTexture name="trickyshot0031" x="4" y="4582" width="1593" height="1269" frameX="-171" frameY="-125" frameWidth="1977" frameHeight="1550"/>
	<SubTexture name="trickyshot0032" x="1601" y="4582" width="1530" height="1239" frameX="-192" frameY="-192" frameWidth="1977" frameHeight="1550"/>
	<SubTexture name="trickyshot0033" x="3135" y="4582" width="1195" height="1282" frameX="-299" frameY="-149" frameWidth="1977" frameHeight="1550"/>
	<SubTexture name="trickyshot0034" x="4334" y="4582" width="1321" height="1279" frameX="-173" frameY="-149" frameWidth="1977" frameHeight="1550"/>
	<SubTexture name="trickyshot0035" x="5659" y="4582" width="0" height="0" frameX="-14" frameY="-774" frameWidth="1977" frameHeight="1550"/>
	<SubTexture name="trickyshot0036" x="5663" y="4582" width="1270" height="1285" frameX="-311" frameY="-146" frameWidth="1977" frameHeight="1550"/>
	<SubTexture name="trickyshot0037" x="5659" y="4582" width="0" height="0" frameX="-14" frameY="-774" frameWidth="1977" frameHeight="1550"/>
	<SubTexture name="trickyshot0038" x="4" y="5871" width="1369" height="1243" frameX="-206" frameY="-307" frameWidth="1977" frameHeight="1550"/>
	<SubTexture name="trickyshot0039" x="1377" y="5871" width="1977" height="1153" frameX="0" frameY="-278" frameWidth="1977" frameHeight="1550"/>
	<SubTexture name="trickyshot0040" x="3358" y="5871" width="285" height="282" frameX="-492" frameY="-1149" frameWidth="1977" frameHeight="1550"/>
	<SubTexture name="trickyshot0041" x="3647" y="5871" width="285" height="282" frameX="-492" frameY="-1149" frameWidth="1977" frameHeight="1550"/>
	<SubTexture name="trickyshot0042" x="3936" y="5871" width="213" height="258" frameX="-528" frameY="-1161" frameWidth="1977" frameHeight="1550"/>
	<SubTexture name="trickyshot0043" x="3647" y="5871" width="285" height="282" frameX="-492" frameY="-1149" frameWidth="1977" frameHeight="1550"/>
	<SubTexture name="trickyshot0044" x="4153" y="5871" width="401" height="430" frameX="-434" frameY="-1075" frameWidth="1977" frameHeight="1550"/>
	<SubTexture name="trickyshot0045" x="4558" y="5871" width="285" height="282" frameX="-492" frameY="-1149" frameWidth="1977" frameHeight="1550"/>
	<SubTexture name="trickyshot0046" x="4847" y="5871" width="621" height="500" frameX="-324" frameY="-1040" frameWidth="1977" frameHeight="1550"/>
</TextureAtlas>
